<?xml version="1.0" encoding="US-ASCII"?>

<doc chapnum="11">

  <chapter heading="Jess Constructs" stylesheet="stylesheet.css" >

    A <i>construct</i> is something that looks like a function, but
    isn't. It generally has odd syntax that can't be used in a regular
    function call. Most of the names starting with "def-" in Jess are
    construct names: defrule, defglobal, etc. You can only use
    constructs at the top level of a Jess program -- i.e., you can't use
    a construct on the right hand side of a rule, or inside a function.

    <constructlist>
      <!-- *********************************************************** -->

      <construct name="defrule">
        <syntax>
          [ TBD ]
        </syntax>

        <description>
          A <i>rule</i> consists of a left-hand side, the symbol "=>",
          and a right-hand side, in that order. The left-hand side is
          made up of zero or more <i>conditional elements</i>, while
          the right-hand side consists of zero or more function
          calls. A conditional element is either a <i>pattern</i>, or
          a grouping construct like "and", "or", or "not." The
          conditional elements are matched against Jess's working
          memory. When they all match, and if the engine is running,
          the code on the rule's right-hand side will be
          executed.
        </description>
      </construct>

      <!-- *********************************************************** -->

      <construct name="defquery">
        <syntax>
          [ TBD ]
        </syntax>

        <description>
          A <i>query</i> consists of an optional variable declaration
          followed by a list of <i>conditional elements.</i> A
          conditional element is either a <i>pattern</i>, or a
          grouping construct like "and", "or", or "not." Queries are
          used to search working memory for facts that satisfy the
          conditional elements. A query can be invoked using the
          "run-query*" function.
        </description>
      </construct>

      <!-- *********************************************************** -->

      <construct name="deffunction">
        <syntax>
          [ TBD ]
        </syntax>

        <description>
          A <i>deffunction</i> is a function written in the
          Jess language. You can call deffunctions from the Jess
          prompt, from a rule, or from another deffunction.
        </description>
      </construct>

      <!-- *********************************************************** -->

      <construct name="deffacts">
        <syntax>
          [ TBD ]
        </syntax>

        <description>
          A <i>deffacts</i> is just a list of facts. When the "reset"
          function is called, Jess clears working memory, asserts the
          special "initial-fact" fact, and then asserts all the facts
          defined by deffacts.
        </description>
      </construct>

      <!-- *********************************************************** -->

      <construct name="defglobal">
        <syntax>
          [ TBD ]
        </syntax>

        <description>
          A <i>defglobal</i> construct defines one or more global
          variables and sets their initial values. The name of a
          global variable must begin and and with an asterisk (*).
        </description>
      </construct>


      <!-- *********************************************************** -->

      <construct name="defmodule">
        <syntax>
          [ TBD ]
        </syntax>

        <description>
          The <i>defmodule</i> construct introduces a Jess module. The
          current module is set to be the new module, so any rules
          defined after a defmodule will implicitly belong to that module.
        </description>
      </construct>

      <!-- *********************************************************** -->

      <construct name="deftemplate">
        <syntax>
          [ TBD ]
        </syntax>

        <description>
          A <i>deftemplate</i> describes a kind of fact, precisely in
          the same way as a Java class describes a kind of object. In
          particular, a deftemplate lists the "member variables"
          (called <i>slots</i>) that this particular kind of fact can
          have. An optional declarations section can specify other
          properties of the deftemplate.
        </description>
      </construct>
    </constructlist>
  </chapter>
</doc>
